<rss version="2.0" xmlns:jwplayer="http://rss.jwpcdn.com/">
  <channel>

    <item>
      <title>均一教育平台介紹</title>
      <description>曲智鑛 2014-06-27 01:06:36</description>
      <jwplayer:image>http://i1.ytimg.com/vi/gIkIjASVPeE/hqdefault.jpg</jwplayer:image>
      <jwplayer:source file="http://youtu.be/gIkIjASVPeE" />
    </item>


    <item>
      <title>「均一教育平台」實例操作</title>
      <description>詹曼玉 2014-06-27 01:07:27</description>
      <jwplayer:image>http://i1.ytimg.com/vi/W9Lbm1YKmCI/hqdefault.jpg</jwplayer:image>
      <jwplayer:source file="http://youtu.be/W9Lbm1YKmCI" />
    </item>


    <item>
      <title>可汗學院創辦人薩曼‧可汗：創造不用怕丟臉的學習世界 - YouTube</title>
      <description>CWTV 2014-06-27 01:09:47</description>
      <jwplayer:image>http://i1.ytimg.com/vi/AyNTTit4Gt4/hqdefault.jpg</jwplayer:image>
      <jwplayer:source file="http://youtu.be/AyNTTit4Gt4" />
    </item>


    <item>
      <title>TEDTalks 》Sir Ken Robinson 推動學習革命</title>
      <description>DesignSourceTAIWAN 2014-06-27 01:10:56</description>
      <jwplayer:image>http://i1.ytimg.com/vi/1ZbF6wryyh0/hqdefault.jpg</jwplayer:image>
      <jwplayer:source file="http://youtu.be/1ZbF6wryyh0" />
    </item>


  </channel>
</rss>